link_id,link_id_string,next_link_id
417,A222BF785057,442
418,A222BF785058,0
419,A222BF785059,0
420,A222BF785060,0
442,A222BF785082,951
452,A222BF785092,462
453,A222BF785093,464
454,A222BF785094,466
462,A222BF785102,463
463,A222BF785103,469
464,A222BF785104,465
465,A222BF785105,470
466,A222BF785106,467
467,A222BF785107,471
469,A222BF785109,547
470,A222BF785110,549
471,A222BF785111,551
488,A222BF785128,453
489,A222BF785129,454
499,A222BF785139,452
547,A222BF785187,548
548,A222BF785188,418
549,A222BF785189,550
550,A222BF785190,419
551,A222BF785191,552
552,A222BF785192,420
567,A2209W000625,790
568,A2209W000626,0
569,A2209W000627,654
572,A2209W000630,0
574,A2209W000632,775
579,A2209W000637,774
580,A2209W000638,773
654,A2209W000712,2199
655,A2209W000714,2400
656,A2209W000716,2401
661,A2209W000725,572
662,A2209W000726,787
663,A2209W000727,662
664,A2209W000728,661
665,A2209W000729,0
666,A222BF790058,0
667,A222BF790059,0
668,A2209W000732,663
669,A2209W000733,664
670,A2209W000734,665
677,A2209W000741,799
679,A2209W000743,1847
680,A2209W000744,1846
688,A2209W000752,1848
714,A222BF790108,2538
715,A222BF790109,666
716,A222BF790110,667
717,A222BF790111,2539
764,A2209W000828,793
773,A2209W000837,670
774,A2209W000838,669
775,A2209W000839,668
781,A2209W000845,791
785,A2209W000849,569
786,A2209W000850,0
787,A2209W000851,568
789,A2209W000853,793
790,A2209W000854,791
791,A2209W000855,786
792,A2209W000856,0
793,A2209W000857,785
795,A2209W000859,789
798,A2209W000862,0
799,A2209W000863,679
800,A2209W000864,680
830,A2209W000894,1367
847,A2209W000911,1371
853,A2209W000917,1369
870,A2209W000934,1808
871,A2209W000935,1806
872,A2209W000936,1164
876,A2209W000940,953
877,A2209W000941,1807
900,A222BF790328,901
901,A222BF790329,714
902,A222BF790330,903
903,A222BF790331,715
904,A222BF790332,905
905,A222BF790333,716
906,A222BF790334,907
907,A222BF790335,717
909,A2209W000973,1906
913,A2209W000977,0
946,A2209W001010,800
951,A222BF795015,2542
952,A2209W001016,0
953,A2209W001017,1878
954,A2209W001018,0
956,A222BF795020,1035
973,A2209W001037,946
977,A2209W001041,688
1016,A222BF795099,0
1017,A222BF795100,1026
1018,A222BF795101,1028
1019,A222BF795102,1093
1020,A222BF795103,1089
1021,A222BF795104,1091
1024,A222BF795107,1025
1025,A222BF795108,1019
1026,A222BF795109,1027
1027,A222BF795110,1020
1028,A222BF795111,1029
1029,A222BF795112,1021
1033,A222BF795116,1017
1034,A222BF795117,1018
1035,A222BF795118,1016
1064,A2209W001128,952
1065,A2209W001129,954
1066,A2209W001130,0
1067,A2209W001131,0
1068,A2209W001132,1889
1069,A2209W001133,1068
1070,A2209W001134,1888
1071,A2209W001135,1070
1072,A2209W001136,1887
1073,A2209W001137,1072
1074,A2209W001138,1886
1075,A2209W001139,1074
1079,A2209W001143,1080
1080,A2209W001144,1069
1081,A2209W001145,1082
1082,A2209W001146,1071
1083,A2209W001147,1084
1084,A2209W001148,1073
1085,A2209W001149,1086
1086,A2209W001150,1075
1089,A222BF795179,1090
1090,A222BF795180,1392
1091,A222BF795181,1092
1092,A222BF795182,1391
1093,A222BF795183,1094
1094,A222BF795184,1390
1101,A2209W001165,1903
1102,A2209W001166,1904
1103,A2209W001167,1905
1110,A2209W001174,1101
1111,A2209W001175,1102
1112,A2209W001176,1103
1125,A2209W001189,0
1126,A2209W001190,909
1139,A2209W001203,1112
1140,A2209W001204,1111
1141,A2209W001205,1110
1142,A2209W001206,1139
1143,A2209W001207,1140
1144,A2209W001208,1141
1159,A2209W001223,1144
1160,A2209W001224,1973
1161,A2209W001225,1974
1163,A2209W001227,0
1164,A2209W001228,1971
1165,A2209W001229,1972
1166,A2209W001230,1160
1167,A2209W001231,1161
1169,A2209W001233,872
1170,A2209W001234,1165
1171,A2209W001235,1166
1172,A2209W001236,1167
1176,A2209W001240,871
1177,A2209W001241,877
1178,A2209W001242,870
1186,A2209W001250,0
1187,A2209W001251,1203
1188,A2209W001252,1202
1189,A2209W001253,1201
1201,A2209W001265,1923
1202,A2209W001266,1921
1203,A2209W001267,1919
1204,A2209W001268,1917
1205,A2209W001269,1204
1238,A2209W001302,0
1239,A2209W001303,1205
1241,A2209W001305,1238
1242,A2209W001306,1239
1243,A2209W001307,1242
1244,A2209W001308,1241
1255,A2209W001319,1244
1256,A2209W001320,1243
1257,A2209W001321,1255
1258,A2209W001322,1256
1261,A2209W001325,1258
1262,A2209W001326,1257
1267,A2209W001331,1261
1268,A2209W001332,1262
1273,A2209W001337,1268
1274,A2209W001338,1267
1276,A2209W001340,1274
1277,A2209W001341,1273
1325,A2209W001389,1277
1326,A2209W001390,1276
1329,A2209W001393,0
1330,A2209W001394,1326
1331,A2209W001395,1325
1335,A2209W001399,1329
1339,A2209W001403,1331
1340,A2209W001404,1330
1341,A2209W001405,1950
1342,A2209W001406,1341
1343,A2209W001407,1354
1344,A2209W001408,1348
1348,A2209W001412,1948
1354,A2209W001418,1949
1367,A2209W001431,1368
1368,A2209W001432,1342
1369,A2209W001433,1370
1370,A2209W001434,1343
1371,A2209W001435,1372
1372,A2209W001436,1344
1390,A2209W001458,1402
1391,A2209W001459,1401
1392,A2209W001460,1400
1400,A2209W001468,1954
1401,A2209W001469,1955
1402,A2209W001470,1956
1806,A2209W001874,1172
1807,A2209W001875,1171
1808,A2209W001876,1170
1846,A2209W001914,580
1847,A2209W001915,579
1848,A2209W001916,574
1878,A2209W001973,973
1885,A2209W001980,876
1886,A2209W001981,1064
1887,A2209W001982,1065
1888,A2209W001983,1066
1889,A2209W001984,1067
1899,A2209W001994,1085
1900,A2209W001995,1083
1901,A2209W001996,1081
1902,A2209W001997,1079
1903,A2209W001998,1899
1904,A2209W001999,1900
1905,A2209W002000,1901
1906,A2209W002001,1902
1917,A2209W002012,1918
1918,A2209W002013,913
1919,A2209W002014,1920
1920,A2209W002015,1176
1921,A2209W002016,1922
1922,A2209W002017,1177
1923,A2209W002018,1924
1924,A2209W002019,1178
1948,A2209W002043,1339
1949,A2209W002044,1340
1950,A2209W002045,1335
1954,A2209W002049,847
1955,A2209W002050,853
1956,A2209W002051,830
1971,A2209W002066,1163
1972,A2209W002067,1159
1973,A2209W002068,1143
1974,A2209W002069,1142
2078,A2215W000070,2397
2079,A2215W000071,2398
2080,A2215W000072,2399
2085,A2215W000077,0
2086,A2215W000078,2374
2182,A2215W000179,0
2183,A2215W000180,2376
2184,A2215W000181,2373
2185,A2215W000182,2371
2199,A2215W000197,2080
2201,A2215W000199,2182
2203,A2215W000201,2500
2206,A2215W000204,2503
2371,A2215W000369,0
2372,A2215W000370,0
2373,A2215W000371,0
2374,A2215W000372,2206
2375,A2215W000373,2372
2376,A2215W000374,2184
2377,A2215W000375,2086
2381,A2215W000379,2375
2382,A2215W000380,2085
2386,A2215W000384,2381
2387,A2215W000385,2382
2391,A2215W000389,2387
2392,A2215W000390,2386
2393,A2215W000391,2183
2397,A2215W000395,2391
2398,A2215W000396,2392
2399,A2215W000397,2393
2400,A2215W000398,2079
2401,A2215W000399,2078
2500,A2215W100001,2535
2503,A2215W100004,2537
2504,A2215W100005,2505
2505,A2215W100006,0
2508,A2215W100009,2504
2529,A2215W100030,2530
2530,A2215W100031,2505
2531,A2215W100032,0
2534,A2215W100035,2529
2535,A2215W100036,2534
2536,A2215W100037,2531
2537,A2215W100038,2536
2538,A222BF790057,2540
2539,A222BF790060,0
2540,A222BF790061,2541
2541,A222BF790062,499
2542,A222BF795016,1033
2544,A222BF795018,1034
